"SampID","Temp_mean","Temp_max","Temp_min","Temp_sd","Temp_mean_sum","Temp_max_sum","Temp_min_sum","Temp_sd_sum","Temp_mean_win","Temp_max_win","Temp_min_win","Temp_sd_win","Light_mean","Light_max","Light_sd","Light_high","Light_p90","Light_range","Light_mean_sum","Light_max_sum","Light_sd_sum","Light_high_sum","Light_p90_sum","Light_range_sum","Light_mean_win","Light_max_win","Light_sd_win","Light_high_win","Light_p90_win","Light_range_win","Vpd_mean","Vpd_max","Vpd_min","Vpd_sd","Vpd_satfreq","Vpd_daysatfreq","Vpd_mean_sum","Vpd_max_sum","Vpd_min_sum","Vpd_sd_sum","Vpd_satfreq_sum","Vpd_daysatfreq_sum","Vpd_mean_win","Vpd_max_win","Vpd_min_win","Vpd_sd_win","Vpd_satfreq_win","Vpd_daysatfreq_win","nlightobs","nvpdobs","nlightobs_sum","nlightobs_win","nvpdobs_sum","nvpdobs_win"
1,13.4302035707712,35.971,-18.142,10.3331221256303,18.9091405115251,35.864,-8.447,7.71588628308119,5.77274845542807,35.971,-18.142,8.49790838134118,20905.7101750547,220445.9,35442.3893537477,0.176148796498906,60622.6,8,11807.841745283,209423.6,20016.5308697313,0.066627358490566,21355.7,6,35657.1297323136,220445.9,47883.703545981,0.353728489483748,110223,8,5.41885724846401,53.2437350959109,-2.81721209343783,6.13531709307422,0.0403092214246273,0.0691506157246606,5.96128787684069,40.833045266022,-1.26335636525219,5.95291728759119,0.0211556678244395,0.0211556678244395,4.66074701012819,53.2437350959109,-2.81721209343783,6.3051032625561,0.0670785525154457,0.0670785525154457,2742,5433,1696,1046,3167,2266
2,12.853244064053,32.291,-17.618,10.1582256507508,18.5600603094411,32.291,-7.657,7.65099648482652,4.87730097087379,27.764,-17.618,7.51451708737138,7020.96967694567,33066.9,5668.0576131361,0.00293685756240822,15155.7,4.5,5767.50871886121,24800.2,4484.09271979077,0,12400.1,0,9056.9380539499,33066.9,6707.08092899925,0.00770712909441233,18600.1,4.5,4.69780056879676,31.5984112222405,-2.81721209343783,4.88042326519342,0.0366280139885883,0.0628354910009473,5.42673481768046,24.2092756783388,-1.49654458081659,5.14666711877295,0.0202083991158825,0.0202083991158825,3.67902970992001,31.5984112222405,-2.81721209343783,4.27973499601215,0.059576345984113,0.059576345984113,2724,5433,1686,1038,3167,2266
3,13.1670425179459,35.542,-18.142,10.298405199997,18.7760514682665,35.542,-8.447,7.76299047708947,5.32779655781112,35.009,-18.142,8.04005861183684,10105.8134404675,88178.4,9000.19692794915,0.0525931336742148,20666.8,9.25,8312.99161747344,88178.4,7411.43432877354,0.0165289256198347,16533.4,5.25,13014.8557471264,63378.2,10474.4380109819,0.111111111111111,26178,9.25,5.12075948829661,50.604980011066,-2.13477683934698,5.63823015135733,0.045094791091478,0.0773602778654878,5.80800434855041,33.1098027523073,-0.910767757682162,5.82070320373591,0.0287338174928955,0.0287338174928955,4.16025442544411,50.604980011066,-2.13477683934698,5.22470995527424,0.0679611650485437,0.0679611650485437,2738,5433,1694,1044,3167,2266
4,13.1592624700902,35.542,-18.142,10.2177876431024,18.8788437006631,35.542,-8.182,7.71502617869673,5.16547881729921,26.39,-18.142,7.58381893079257,11007.3383436702,170845.6,14510.1276402038,0.0616563298066399,20666.8,6.25,9258.30411764706,170845.6,12582.1398770343,0.0347058823529412,18600.1,5.75,13863.5902017291,126756.4,16819.9673551087,0.10566762728146,26178,6.25,5.07480922194175,29.8847789900662,-2.06441095678115,5.19138530495495,0.0355236517577766,0.0609409535838333,5.93206558360621,29.8847789900662,-0.886617517932216,5.56882956426115,0.0192611304073255,0.0192611304073255,3.87669320367549,28.7096913130756,-2.06441095678115,4.33840407389546,0.058252427184466,0.058252427184466,2741,5433,1700,1041,3167,2266
5,13.2979606110804,34.796,-17.966,10.2476568782885,18.8470363119672,34.058,-8.182,7.59008495818076,5.54247837599294,34.796,-17.966,8.25193824684692,18486.4980635733,253512.8,34565.7787802848,0.140664961636829,38578,9.5,10728.1234946871,220445.9,19485.244796112,0.050767414403778,17222.3,8.25,31087.3480345158,253512.8,47576.4818840226,0.286673058485139,104711.8,9.5,5.21633152769117,49.5145835840364,-2.54805860557318,5.62322798204157,0.0449107307196761,0.0770445216293022,5.80224391806269,29.1466506126172,-1.02891805531642,5.42341672087247,0.0221029365329965,0.0221029365329965,4.39745044194245,49.5145835840364,-2.54805860557318,5.79388090381066,0.0767872903795234,0.0767872903795234,2737,5433,1694,1043,3167,2266
6,13.242015829192,32.497,-17.446,10.1213621634788,18.8195623618566,32.497,-7.787,7.5271904707713,5.44674227714034,31.574,-17.446,7.88619326710501,14103.891995614,231468.2,24933.3375342019,0.111476608187135,28933.5,8.5,8968.31766095688,148801,12380.6530894192,0.0401653868871825,17222.3,6,22439.9680728667,231468.2,35643.1274773153,0.227229146692234,55111.5,8.5,5.08704494627746,39.3669065146087,-2.48022835759414,5.15080556210061,0.0322105650653414,0.0552573413324913,5.73158638942692,26.3361877453152,-1.14644666271787,5.10120464036352,0.0145247868645406,0.0145247868645406,4.18622290282892,39.3669065146087,-2.48022835759414,5.08533081420518,0.0569285083848191,0.0569285083848191,2736,5433,1693,1043,3167,2266
7,13.6148254058135,37.165,-18.496,10.6091708456054,19.630407651715,37.165,-6.12,7.63577333038808,5.5657321270962,33.953,-18.496,8.4818880240874,21525.8742814483,231468.2,33359.0234471492,0.200821201941023,55111.5,8.75,13176.9283007335,176356.7,17614.2484590647,0.101466992665037,26178,8.5,34621.6323106424,231468.2,45739.3449672923,0.35666347075743,104711.8,7.75,5.66733268880842,46.5077140188026,-2.54805860557318,6.62965851433318,0.0539826349565874,0.0943271767810026,6.5436409199855,41.4017542569659,-1.36147543129896,6.91801728257708,0.0267150395778364,0.0267150395778364,4.49479669722461,46.5077140188026,-2.54805860557318,6.02831753146138,0.0904677846425419,0.0904677846425419,2679,5298,1636,1043,3032,2266
8,13.7625996686913,42.878,-18.318,10.4384106593839,19.1954944742659,42.878,-8.182,7.81353176708142,6.16949382171227,39.502,-18.318,8.77633680506029,24286.3755311355,253512.8,43543.9489657166,0.196703296703297,66133.8,8,14097.5344194313,220445.9,26125.5613792935,0.0989336492890995,24800.2,7.5,40791.9070057582,253512.8,58510.3787641093,0.355086372360845,137227.58,8,5.88640602062816,67.8058127771373,-2.81721209343783,6.95946031488722,0.0425179458862507,0.0729396905588885,6.46469382283982,67.8058127771373,-1.58021037301706,6.75631655051102,0.0249447426586675,0.0249447426586675,5.07818118849915,65.3291363161067,-2.81721209343783,7.15744343527637,0.0670785525154457,0.0670785525154457,2730,5433,1688,1042,3167,2266
9,14.0094311487482,45.076,-17.966,10.8247199359188,19.7263678560152,45.076,-8.447,8.44244436200643,6.01581589403974,36.62,-17.966,8.47157711823731,17158.3707636364,220445.9,21457.6271450675,0.186181818181818,33066.9,9.5,18070.6846018735,220445.9,24833.887991199,0.192037470725995,34444.7,9.5,15662.9465451056,104711.8,14176.910285543,0.17658349328215,30311.3,8.25,6.52209940169837,83.2564316267251,-1.11872648477939,8.34376563827238,0.0239322533136966,0.0410483107041364,7.74058324965141,83.2564316267251,-0.494287270904461,9.39554825968658,0.00915693084938428,0.00915693084938428,4.81837386241924,55.8250518909731,-1.11872648477939,6.2110336130027,0.0445916114790287,0.0445916114790287,2750,5432,1708,1042,3167,2265
10,14.4328657952872,45.201,-18.675,10.7401196625157,19.8040833596464,45.201,-9.117,8.24753344861966,6.922646799117,36.295,-18.675,9.20871489423394,41842.4100507983,253512.8,57227.0152095515,0.386429608127721,137778.7,10.25,25798.3521357519,253512.8,38230.8319034721,0.287302516091281,57867,9.75,68030.8484240688,253512.8,71637.7888467366,0.548233046800382,180765.62,10,6.90826214491975,83.2564316267251,-0.738354412736282,8.46511109993548,0.0388438880706922,0.0666245658351752,7.7101199400263,83.2564316267251,-0.637825465938715,8.94932108582417,0.0176823492263972,0.0176823492263972,5.78707731617695,54.3094640933079,-0.738354412736282,7.59874910112365,0.0684326710816777,0.0684326710816777,2756,5432,1709,1047,3167,2265
11,13.4049738634272,36.728,-17.966,10.5085622822238,19.1554133249132,36.728,-8.847,8.04255840968544,5.36806222418358,29.452,-17.966,7.97289122494896,15822.6605531295,148801,17299.8151785238,0.180131004366812,34444.7,10.25,12484.8653936545,148801,12959.0258120516,0.100470035252644,26040.2200000001,8.25,21253.757456979,121245.2,21580.0921309476,0.309751434034417,44089.2,10.25,5.54911601756046,44.7377567835136,-1.78005270118969,6.21244031823011,0.0430701270016565,0.0738869592674455,6.55531965794789,44.7377567835136,-0.753354201673464,6.82163630490242,0.0202083991158825,0.0202083991158825,4.14282875846647,34.0687302049158,-1.78005270118969,4.91104870106252,0.0750220653133274,0.0750220653133274,2748,5433,1702,1046,3167,2266
12,14.2237169277222,39.843,-17.966,10.3595894857111,19.8885710517639,38.268,-5.249,7.36661786834715,6.64141218005296,39.843,-17.966,8.82609369585695,27273.0482449589,242490.5,46268.8882350913,0.213218820014937,82667.2,8.5,14469.2388004896,209423.6,23400.1169859227,0.107711138310894,26178,6.25,47312.7270114943,242490.5,63075.852886353,0.378352490421456,159823.3,8.5,6.20035369165776,66.1654134565797,-1.99361466222871,6.86009464174311,0.0303830911492734,0.0530827563468513,6.79077103947626,49.1027478631085,-0.494287270904461,6.67738189924936,0.0128585558852621,0.0128585558852621,5.41009075435259,66.1654134565797,-1.99361466222871,7.02147829973368,0.0538393645189762,0.0538393645189762,2678,5299,1634,1044,3033,2266
13,13.557875759249,39.502,-17.103,10.4683443497047,19.156589516893,39.502,-7.527,7.87918606776438,5.7330185348632,34.374,-17.103,8.4233231550553,20546.2824497258,231468.2,35062.9456485747,0.182815356489945,57867,9.75,11828.9108219988,220445.9,22430.6459915934,0.0762862211709048,21355.7,9,34666.0864942529,231468.2,45657.7222217128,0.35536398467433,110223,9.75,5.67902764605004,54.4539043578401,-2.75038325321688,6.62855373090463,0.0371801951039941,0.0637827597095043,6.43785108487623,54.4539043578401,-0.690486315428501,6.7226476798126,0.0154720555730976,0.0154720555730976,4.61848314880266,48.336209296891,-2.75038325321688,6.34592385921614,0.0675198587819947,0.0675198587819947,2735,5433,1691,1044,3167,2266
14,13.0613692251058,34.479,-15.77,10.0881204564461,18.8390732554468,34.479,-6.626,7.5704856162527,4.98635216240071,26.195,-15.77,7.2144098567384,9067.40163398693,132267.5,8855.83015315197,0.0294117647058824,16533.4,7,7844.34780316344,132267.5,8413.28225612098,0.00878734622144113,14466.8,3.75,11061.4349570201,77156.1,9194.79050205149,0.0630372492836676,22044.6,6.75,4.89959173875564,28.3159894779492,-2.8836266888979,4.79125981086558,0.0266887539112829,0.0457846542469214,5.78775786147171,28.2266256573908,-0.791992974340332,5.07857739096973,0.0116829807388696,0.0116829807388696,3.65827571464188,28.3159894779492,-2.8836266888979,4.04449620462939,0.0476610767872904,0.0476610767872904,2754,5433,1707,1047,3167,2266
15,13.5609031842444,37.494,-16.765,10.424723750901,19.2059592674455,37.494,-7.267,7.81852402223153,5.67127714033539,36.837,-16.765,8.26746206386603,18485.1731538741,209423.6,27373.3954660323,0.16333212077119,38578,9.25,13232.9416422287,187379,17300.5531244401,0.0774193548387097,23422.4,8,27062.8117816092,209423.6,36965.6110018778,0.303639846743295,79084.9500000001,9,5.6572203259831,58.6209342424754,-2.3426324592983,6.22656738703457,0.0331308669243512,0.0568361225134196,6.47631871553587,38.3589531456049,-0.619399156295405,6.18710608619698,0.0164193242816546,0.0164193242816546,4.51243453617127,58.6209342424754,-2.3426324592983,6.10104592724642,0.0564872021182701,0.0564872021182701,2749,5433,1705,1044,3167,2266
16,13.0996103441929,35.756,-16.597,10.3220874148496,19.0167249763183,35.756,-6.882,7.80970853176093,4.8297506619594,25.708,-16.597,7.27264738762844,9459.99295314203,35822.5,6558.73703252857,0.00944424264438794,18462.3200000001,9.25,8706.96141686183,33066.9,5897.07516861772,0.00175644028103044,16533.4,0.5,10690.7851674641,35822.5,7354.56367134202,0.0220095693779904,19977.9,5,5.09442795154709,36.7890651323258,-2.3426324592983,5.20672414183775,0.0279771765138966,0.047994947900221,6.18736841745488,36.7890651323258,-0.624976338637804,5.71866388533288,0.0129460056836123,0.0129460056836123,3.56691583524967,27.349886014845,-2.3426324592983,3.91143905509182,0.0489849955869373,0.0489849955869373,2753,5433,1708,1045,3167,2266
17,13.0894222344929,44.089,-16.264,10.569970299384,18.9524404799495,44.089,-8.314,8.05765802716082,4.89516857899382,37.935,-16.264,7.87072868486328,13950.1702702703,187379,21343.0023535727,0.117604090577064,28933.5,9.25,11458.3713022982,187379,17322.0448881959,0.075427224513848,21355.7,8,18012.2095100865,176356.7,26131.4127373928,0.186359269932757,38578,9,5.24868393950055,65.1528042883008,-2.8836266888979,6.35155014383875,0.0366280139885883,0.0628354910009473,6.25579150754164,65.1528042883008,-0.910767757682162,6.84212800494605,0.0138932743921692,0.0138932743921692,3.84113333579969,60.7955732240519,-2.8836266888979,5.28322793364044,0.0684024713150927,0.0684024713150927,2738,5433,1697,1041,3167,2266
18,12.6690877967973,38.046,-17.103,10.2868304471406,18.4910672560783,38.046,-7.527,7.77763633213407,4.53219064430715,31.574,-17.103,7.45597780019604,7522.59809802487,85422.8,7800.7321821309,0.0296269202633504,15844.5,6,6503.36444181926,85422.8,7214.88692816248,0.0183106910809214,13777.9,3.75,9180.19903938521,57867,8413.10334904376,0.048030739673391,19289,6,4.59227266743818,41.1468569927466,-3.08104407962402,5.2202283931417,0.0434382477452604,0.0745184717398169,5.40996126946285,40.0439910117528,-1.26335636525219,5.61213022222148,0.0243132301862962,0.0243132301862962,3.4494572205661,41.1468569927466,-3.08104407962402,4.36891221807171,0.0701676963812886,0.0701676963812886,2734,5433,1693,1041,3167,2266
19,14.8616200993926,45.201,-16.765,10.8202313620824,20.6605795454545,45.201,-7.527,8.62411157923456,6.75075761589404,35.328,-16.765,7.99953393866388,30238.5392156863,242490.5,42379.1793249693,0.325344952795933,88178.4,10.5,24415.1958992384,242490.5,33571.1781144041,0.293497363796134,55111.5,23.5,39732.7579751671,231468.2,52375.7515142786,0.377268385864374,132267.5,23.75,8.3449285191059,79.4997946037936,-2.83774053875395,9.14651925640092,0.00496963003865268,0.00852272727272727,10.4665684408853,79.4997946037936,-0.809283037392138,10.3435030651433,0.00220959595959596,0.00220959595959596,5.37744274771645,42.7834781769222,-2.83774053875395,5.99608552837507,0.00883002207505519,0.00883002207505519,2754,5433,1707,1047,3168,2265
20,14.6747839131235,40.992,-16.264,10.5694464891126,20.483797979798,40.992,-7.01,8.36575796679072,6.5498582781457,33.014,-16.264,7.54126003244755,21061.7640951694,209423.6,28056.3195311821,0.248377793799567,42711.4,9.5,19389.2521586931,209423.6,24694.7600025976,0.238623103850642,38578,23.5,23766.1843396226,187379,32601.9640904072,0.264150943396226,63378.2,23.5,7.9289263125215,57.1389771610332,-2.83774053875395,8.10391806728878,0.00423338855144487,0.00726010101010101,9.98045187806951,57.1389771610332,-0.809283037392138,9.09811289544261,0.00220959595959596,0.00220959595959596,5.05950777315898,41.4126190467477,-2.83774053875395,5.2585751548311,0.00706401766004415,0.00706401766004415,2774,5433,1714,1060,3168,2265
21,14.2986703478741,39.615,-16.43,10.3939004642949,20.0975817550505,39.615,-7.01,8.15983637829219,6.18787505518764,31.574,-16.43,7.29349021968542,14491.9959724238,110223,13165.0837421291,0.168359941944848,30311.3,10,13954.8940035273,110223,12565.8630722862,0.148148148148148,28933.5,23.5,15357.9774407583,82667.2,14040.5215521328,0.200947867298578,33066.9,23.5,7.34066831698867,57.1191398553848,-2.83774053875395,7.42031910121761,0.00441744892324683,0.00757575757575758,9.21993253008393,57.1191398553848,-0.891312548952611,8.36549662818536,0.00252525252525253,0.00252525252525253,4.71218751032827,36.5980704586252,-2.83774053875395,4.72866559334847,0.00706401766004415,0.00706401766004415,2756,5433,1701,1055,3168,2265
22,14.9541682311798,39.05,-15.934,10.4617118322137,20.6232869318182,39.05,-6.754,8.13430039812288,7.02491081677704,35.328,-15.934,7.88455469153071,26582.9973178688,209423.6,40807.3197399786,0.27183762232693,79911.6,9,20317.2616871705,198401.3,30341.0338710707,0.236086701816052,38578,23.5,36749.927661597,209423.6,52041.6703007766,0.329847908745247,132267.5,23.75,8.15309437783291,49.9811915154346,-2.91742945830912,8.06486103651105,0.00460150929504878,0.00789141414141414,10.0200780116278,49.9811915154346,-0.891312548952611,8.78597530811042,0.00252525252525253,0.00252525252525253,5.54179011652508,46.2760324415471,-2.91742945830912,6.03103635800386,0.00750551876379691,0.00750551876379691,2759,5433,1707,1052,3168,2265
23,14.7417235413216,40.761,-15.77,10.448317259404,20.4981366792929,40.761,-6.626,8.12980511714512,6.69036953642384,33.743,-15.77,7.63209042417603,20910.8468501086,198401.3,29426.2409490011,0.222302679217958,52355.9,9,16922.7869284877,159823.3,23152.8582730166,0.159437280187573,33066.9,23.5,27353.6785037879,198401.3,36503.8276677885,0.323863636363636,84045,23.75,7.89623403479987,51.5306027706504,-2.99746421287059,7.73237803202575,0.00515369041045463,0.00883838383838384,9.82254912382196,51.5306027706504,-0.972870254732227,8.44989130025929,0.00252525252525253,0.00252525252525253,5.20194432088288,43.9489537371697,-2.99746421287059,5.57846539459149,0.00883002207505519,0.00883002207505519,2762,5433,1706,1056,3168,2265
24,13.9967163629671,36.403,-15.285,10.2284092269906,19.778053030303,36.403,-7.138,7.96350243293723,5.91050242825607,29.652,-15.285,7.07940074443319,9010.12542742816,66133.8,6960.47156287686,0.018552200800291,18048.9800000002,9.5,9171.48414562537,66133.8,7197.97221110094,0.0246623605402231,18600.1,9.5,8747.41615678776,30311.3,6550.28660671588,0.00860420650095602,17222.3,21.5,6.85474354571112,45.0935292540512,-2.99746421287059,6.60493454184808,0.00515369041045463,0.00883838383838384,8.5744302779002,45.0935292540512,-1.13457953497728,7.34705167928877,0.00252525252525253,0.00252525252525253,4.44945985141751,37.8972916397299,-2.99746421287059,4.38572710179952,0.00883002207505519,0.00883002207505519,2749,5433,1703,1046,3168,2265
25,14.3485361678631,37.494,-16.43,10.3390720099398,20.0163289141414,37.494,-7.138,8.08902644846012,6.42113333333333,33.43,-16.43,7.55800886581799,15988.1300253531,209423.6,25032.204723649,0.129663165519739,30311.3,9.75,12619.8543376319,209423.6,17915.4896317416,0.0779601406799531,23422.4,22.5,21434.8393364929,198401.3,32765.4656104911,0.213270142180095,49600.3,23.75,7.34913990317632,50.597361533597,-2.83774053875395,7.26476759571114,0.00441744892324683,0.00757575757575758,9.04273476518948,50.597361533597,-0.891312548952611,7.95212786832487,0.00252525252525253,0.00252525252525253,4.98035026836056,42.6016573437004,-2.83774053875395,5.34244339678529,0.00706401766004415,0.00706401766004415,2761,5433,1706,1055,3168,2265
26,14.0849885882569,37.055,-16.765,10.3205746662883,19.8400410353535,37.055,-7.267,8.1001776762424,6.03553774834437,28.953,-16.765,7.25317322553889,12040.894057971,143289.8,12803.040253133,0.0865942028985507,24800.2,10.25,12217.1264327485,143289.8,13168.5041737655,0.0894736842105263,24800.2,17,11753.887047619,104711.8,12185.1337005489,0.0819047619047619,23422.4,23.75,7.02796807662918,49.0729031859688,-2.91742945830912,6.9089126071403,0.00533775078225658,0.0091540404040404,8.77040672255287,49.0729031859688,-0.891312548952611,7.70303733504048,0.00252525252525253,0.00252525252525253,4.59086183809221,33.3686780167346,-2.91742945830912,4.61863547328979,0.00927152317880795,0.00927152317880795,2760,5433,1710,1050,3168,2265
27,14.021014356709,36.837,-16.765,10.3417580685951,19.7997998737374,36.837,-7.267,8.06868317460322,5.93836865342163,31.88,-16.765,7.31110483230088,11664.489445049,79911.6,10400.0974361271,0.0935799782372144,24800.2,9.5,10687.613028169,71644.9,9111.22643673457,0.0698356807511737,22044.6,23.5,13245.3037037037,79911.6,12038.5714345123,0.132003798670465,28933.5,23.5,6.95737624373383,47.9577904980084,-2.91742945830912,6.93590470365977,0.00515369041045463,0.00883838383838384,8.68569602380626,47.9577904980084,-0.891312548952611,7.76086725255376,0.00252525252525253,0.00252525252525253,4.54001771690404,35.040558232628,-2.91742945830912,4.59803522676586,0.00883002207505519,0.00883002207505519,2757,5433,1704,1053,3168,2265
28,14.0698207251979,37.604,-15.934,10.3078020601212,19.7701407828283,37.604,-7.138,8.08692049444201,6.09692273730684,34.058,-15.934,7.37434570318772,9179.59272727273,82667.2,7559.55570076846,0.0341818181818182,18600.1,8,9001.99653552554,60622.6,7429.71395356139,0.0381679389312977,18600.1,7.25,9468.46217765043,82667.2,7761.02149448885,0.0276981852913085,18600.1,23.5,7.00171338246878,50.3684375760605,-2.83774053875395,7.02603267672006,0.00423338855144487,0.00726010101010101,8.65984534294752,50.3684375760605,-1.053958478573,7.8030519744146,0.00252525252525253,0.00252525252525253,4.6825248390707,44.4429006366826,-2.83774053875395,4.90310745965633,0.00662251655629139,0.00662251655629139,2750,5433,1703,1047,3168,2265
29,14.24785146328,38.046,-16.934,10.3429795709739,19.8673863636364,38.046,-7.267,8.08596614194731,6.38794569536424,34.268,-16.934,7.69512246044447,18712.724501631,198401.3,27778.0062296985,0.181587531714389,44089.2,9.5,11945.7900821596,159823.3,13741.3192027653,0.0845070422535211,24386.8600000001,22.5,29642.4460663507,198401.3,38992.2485988765,0.338388625592417,88178.4,23.75,7.22161597384466,47.5932818917741,-2.91742945830912,7.18557628238845,0.00552181115405853,0.00946969696969697,8.80709947899939,47.5932818917741,-0.972870254732227,7.80647812484839,0.00252525252525253,0.00252525252525253,5.00403904478056,44.9370100707952,-2.91742945830912,5.49514935430178,0.00971302428256071,0.00971302428256071,2759,5433,1704,1055,3168,2265
30,14.3138682127738,40.761,-16.43,10.2898994342698,19.7842588383838,40.761,-7.267,8.05201063633027,6.66256688741722,34.268,-16.43,7.93128689250697,14859.3310633649,198401.3,23143.7011682026,0.130007283321194,30311.3,7.25,10591.9155568651,170845.6,13306.6612640346,0.0736593989393046,22044.6,12.25,21762.8621544328,198401.3,32236.9417752125,0.221163012392755,68889.3,23.75,7.26661673084769,54.7530728947269,-2.91742945830912,7.43846661891217,0.00496963003865268,0.00852272727272727,8.66782301624861,54.7530728947269,-0.972870254732227,7.97223638095958,0.00252525252525253,0.00252525252525253,5.30678383365116,50.3349718971847,-2.91742945830912,6.10398335182147,0.00838852097130243,0.00838852097130243,2746,5433,1697,1049,3168,2265
31,14.3062284189214,39.163,-15.608,10.1718765472165,19.826228219697,39.163,-6.373,7.91535931771337,6.58553995584989,33.639,-15.608,7.63762677329779,14672.8588771418,187379,22527.2441061577,0.13124316441852,31689.1,7.5,10474.3128250591,148801,14040.8325302399,0.074468085106383,22044.6,12.25,21432.0785918173,187379,30554.9577892833,0.222645099904853,60622.6,23.5,7.18863268541823,48.7082940345306,-2.83774053875395,7.20891917991585,0.00460150929504878,0.00789141414141414,8.65761500406455,48.7082940345306,-1.13457953497728,7.83949707229519,0.00315656565656566,0.00315656565656566,5.1340031112586,43.2081972900173,-2.83774053875395,5.61022054113797,0.00662251655629139,0.00662251655629139,2743,5433,1692,1051,3168,2265
32,14.1326580158292,41.575,-15.77,10.1939306665028,19.8083980429293,41.575,-6.373,7.96554074200993,6.19413951434879,30.255,-15.77,7.24180956505096,11017.0080363636,126756.4,10683.6425297077,0.0763636363636364,22044.6,8,10388.7625441696,126756.4,11340.401259394,0.0683156654888104,22044.6,7.5,12031.0392585551,49600.3,9445.99376106257,0.0893536121673004,24662.42,23,7.01295982947766,56.3469520298649,-2.83774053875395,6.95728510609483,0.00404932817964292,0.00694444444444444,8.66726756154296,56.3469520298649,-1.13457953497728,7.8147130486189,0.00252525252525253,0.00252525252525253,4.6991201406552,35.5681164121919,-2.83774053875395,4.63915244661022,0.00618101545253863,0.00618101545253863,2750,5433,1698,1052,3168,2265
33,14.0031660224554,36.511,-15.285,10.0430043445011,19.604432449495,36.511,-6.12,7.78128643417933,6.1688119205298,34.796,-15.285,7.210631972417,7570.18023426062,46844.8,6448.7623940944,0.0102489019033675,16533.4,6.25,6841.98285883748,38578,6025.41619655292,0.00652431791221827,15155.7,3.75,8743.92858508604,46844.8,6921.48244866325,0.0162523900573614,17911.2,22.75,6.74763885974249,47.2272903918039,-2.83774053875395,6.38860566615338,0.00496963003865268,0.00852272727272727,8.22437072548127,47.2272903918039,-1.29524018102866,6.96339496201626,0.00315656565656566,0.00315656565656566,4.6821701839542,46.6795179276887,-2.83774053875395,4.77254290069088,0.00750551876379691,0.00750551876379691,2732,5433,1686,1046,3168,2265
34,14.6395023007546,40.876,-15.608,10.019508741384,19.8471717171717,40.876,-6.246,7.78543886266957,7.35566269315673,38.379,-15.608,8.06544333795508,16603.6173006584,220445.9,26838.6521591484,0.144842721287491,37200.2,7.75,11046.1514557338,187379,16218.9519998031,0.0647653000594177,22044.6,16.5,25502.9655566128,220445.9,36396.505761862,0.273073263558516,77156.1,23.75,7.47463826698798,58.7349945419284,-2.75676881225774,7.30171815926572,0.00386526780784097,0.00662878787878788,8.61189447170651,55.2242016471271,-1.053958478573,7.55573200701308,0.00252525252525253,0.00252525252525253,5.88398587999095,58.7349945419284,-2.75676881225774,6.61198177723708,0.00573951434878587,0.00573951434878587,2734,5433,1683,1051,3168,2265
35,14.059974604343,35.222,-15.124,9.93120909391647,19.669125,35.222,-5.62,7.6397083375164,6.21805560458959,30.154,-15.124,7.0314909157626,9726.78856304985,115734.1,12049.6996977473,0.0502199413489736,20184.5700000001,7,7629.8700238379,99200.7,7443.78699773882,0.0119189511323004,17222.3,21,13077.8640952381,115734.1,16449.8109775197,0.111428571428571,28933.5,23.5,6.7418854416144,43.0404993682059,-3.05246047998395,6.10179350167404,0.00515274199484726,0.00883838383838384,8.23825955132028,43.0404993682059,-1.44134338911932,6.65500574571361,0.00315656565656566,0.00315656565656566,4.64986726882172,35.4489830562434,-3.05246047998395,4.45762090936474,0.00794351279788173,0.00794351279788173,2728,5434,1678,1050,3168,2266
36,14.0117537725432,38.602,-15.608,10.1010638803321,19.6600817550505,38.602,-6.246,7.78232569740202,6.11506222418358,33.222,-15.608,7.28346763429281,9894.02033650329,137778.7,10653.7493644801,0.0588880760790051,21355.7,7,8434.8385620915,137778.7,9506.97668547667,0.0338680926916221,18600.1,6.25,12230.6549000951,77156.1,11906.6477087887,0.09895337773549,24800.2,23.75,6.78755300077408,47.1620219506419,-2.97183942357966,6.49877223477494,0.00478468899521531,0.00820707070707071,8.30551589595905,47.1620219506419,-1.19240064065243,7.07817932243498,0.00315656565656566,0.00315656565656566,4.66535244828248,41.5498021140375,-2.97183942357966,4.85023680482518,0.00706090026478376,0.00706090026478376,2734,5434,1683,1051,3168,2266
37,14.3337294810453,41.928,-16.098,10.423498377776,19.8592190656566,41.928,-7.138,8.2496841905657,6.60877316857899,34.268,-16.098,7.9404115162238,12520.9588427948,165334.4,15838.0446431851,0.101892285298399,26178,7,10755.5333726415,126756.4,11927.3096403015,0.0784198113207547,23422.4,12.25,15367.1200570342,165334.4,20323.9178615552,0.139733840304183,32929.12,23.75,7.40460644648757,61.6889974389346,-3.13343220648016,7.91031640510716,0.00496871549503128,0.00852272727272727,8.92758944586661,61.6889974389346,-1.19240064065243,8.61772586409338,0.00378787878787879,0.00378787878787879,5.27538749589939,49.8889466318502,-3.13343220648016,6.20263478952323,0.00661959399823478,0.00661959399823478,2748,5434,1696,1052,3168,2266
38,14.8132964666912,40.415,-16.264,10.3652877263751,20.2179365530303,40.415,-6.626,8.1417332801207,7.25729479258605,37.824,-16.264,8.18852854520124,21919.1536949399,220445.9,37023.4733985046,0.196578085183837,53458.1400000002,8.75,12922.0649940968,198401.3,18222.970321209,0.112750885478158,27142.3900000001,23.5,36393.1026590693,220445.9,51995.5024234459,0.331433998100665,126756.4,23.75,7.93593728607606,56.7638246640779,-3.05246047998395,8.11016578478952,0.00404858299595142,0.00694444444444444,9.41700341546508,53.6028963549331,-0.855476783061432,8.58480637620269,0.00252525252525253,0.00252525252525253,5.86532056149334,56.7638246640779,-3.05246047998395,6.88234305136303,0.00617828773168579,0.00617828773168579,2747,5434,1694,1053,3168,2266
39,13.953461722488,39.05,-15.934,10.3879964184459,19.7412102272727,39.05,-7.01,8.23510294833165,5.86185216240071,29.752,-15.934,7.18765230398877,10192.9397165698,88178.4,9256.59212270424,0.0552325581395349,22044.6,8.75,9999.78318636096,88178.4,9857.79846290054,0.0599647266313933,22044.6,7.25,10505.5555661275,49600.3,8185.48966665112,0.0475737392959087,21355.7,23.5,6.94268001974855,52.9466491233439,-3.13343220648016,7.21022750660488,0.00478468899521531,0.00820707070707071,8.72817117002109,52.9466491233439,-1.19240064065243,8.20832580623864,0.00347222222222222,0.00347222222222222,4.44645938247431,34.8943953139161,-3.13343220648016,4.44969323870015,0.00661959399823478,0.00661959399823478,2752,5434,1701,1051,3168,2266
40,14.4464832535885,44.952,-15.608,10.2361091108148,20.0476613005051,44.952,-6.246,8.02564244022442,6.61571006178288,33.014,-15.608,7.48583258765972,16050.8565914057,187379,26326.9296268836,0.136562272396213,33066.9,8.75,11737.6209439528,176356.7,17653.5059298298,0.0825958702064897,23422.4,21.5,23007.0263558516,187379,35081.6823816429,0.223596574690771,68889.3,23.75,7.4094809888215,73.8729564690777,-3.21312112603532,7.38052614661121,0.00515274199484726,0.00883838383838384,9.06905715783958,73.8729564690777,-1.02490066940975,8.1695984171343,0.00284090909090909,0.00284090909090909,5.08929683019428,41.8043839181525,-3.21312112603532,5.3011121828716,0.00838481906443071,0.00838481906443071,2746,5434,1695,1051,3168,2266
41,13.9972270887008,38.157,-15.124,10.0978188029845,19.4758898358586,38.157,-7.01,7.84899416374833,6.3377374227714,37.274,-15.124,7.60043720889416,10175.88987943,170845.6,15128.400062498,0.0635732553891122,20666.8,6.5,8036.52800473653,159823.3,10724.2906471817,0.0349319123741859,17911.2,7.5,13623.7736641221,170845.6,19833.5422155769,0.109732824427481,26178,23.75,6.7680796414105,54.8289684304682,-3.2931558805968,6.84179062761978,0.00607287449392713,0.0104166666666667,8.065532525464,49.0078868807497,-1.44134338911932,7.27934945446569,0.00410353535353535,0.00410353535353535,4.95416492972405,54.8289684304682,-3.2931558805968,5.70482857584795,0.0088261253309797,0.0088261253309797,2737,5434,1689,1048,3168,2266
42,13.8145476628635,36.837,-15.285,10.1549722909389,19.4852244318182,36.837,-6.882,7.99153211239565,5.88661120917917,29.652,-15.285,7.08558735499967,8247.06866812227,37200.2,6558.5752118948,0.0127365356622999,17428.9700000001,5.5,7748.80935294118,37200.2,6316.39364545595,0.0111764705882353,16533.4,5,9055.31374045802,34444.7,6859.94283227383,0.0152671755725191,18600.1,23.5,6.61258433898292,47.7116880764661,-3.21312112603532,6.56167210034583,0.0055207949944792,0.00946969696969697,8.16972780445095,47.7116880764661,-1.19240064065243,7.35344342622167,0.00378787878787879,0.00378787878787879,4.43560706687228,37.8972916397299,-3.21312112603532,4.42003356239933,0.00794351279788173,0.00794351279788173,2748,5434,1700,1048,3168,2266
43,14.4332724093503,39.276,-15.285,10.096477846624,20.0345492424242,39.276,-5.87,7.82648152257134,6.59890375275938,34.796,-15.285,7.32051553374339,9544.81790663749,99200.7,8773.28535928245,0.0426695842450766,19977.9,9.5,8658.11918536009,99200.7,8657.77143082599,0.0230224321133412,17911.2,9.5,10978.0885496183,44089.2,8773.34663267666,0.0744274809160305,23422.4,23,7.30500633992628,56.2975863614225,-2.67614775585346,6.9451482745951,0.00331308669243512,0.00568181818181818,8.92996770997754,56.2975863614225,-1.053958478573,7.56431204851401,0.00252525252525253,0.00252525252525253,5.03221268856981,46.6795179276887,-2.67614775585346,5.17945711008398,0.00441501103752759,0.00441501103752759,2742,5433,1694,1048,3168,2265
44,14.3974919933738,40.992,-15.124,10.1000324928018,20.152922979798,40.992,-5.496,7.7915274033188,6.34751169977925,28.456,-15.124,6.97493839334534,11080.3751819505,154312.1,11830.3737216935,0.0676855895196507,22044.6,8,10924.9489098409,154312.1,13003.017701255,0.0689451974071892,22044.6,21.5,11331.3346336822,66133.8,9641.16406318831,0.065651760228354,22044.6,23,7.26943792999105,56.354171613064,-2.67614775585346,6.75767860586045,0.00368120743603902,0.00631313131313131,9.09086470497544,56.354171613064,-1.13457953497728,7.52873068222761,0.00252525252525253,0.00252525252525253,4.72185293080759,32.7344384812054,-2.67614775585346,4.37514619511557,0.00529801324503311,0.00529801324503311,2748,5433,1697,1051,3168,2265
45,14.4030646051905,37.055,-15.77,10.1400968202656,20.0701470959596,37.055,-5.87,7.82205790107997,6.47665518763797,33.222,-15.77,7.30176364531362,14387.3942286751,159823.3,17632.4896975232,0.139745916515427,30311.3,9.5,11043.2712941176,99200.7,10403.8014073958,0.0770588235294118,23422.4,23,19776.0283412322,159823.3,24306.0717143463,0.240758293838863,52355.9,23.5,7.28882262549733,51.8419154426353,-2.67614775585346,6.97377946162314,0.00349714706423707,0.00599747474747475,8.97718640194555,51.8419154426353,-0.891312548952611,7.69884043782517,0.00252525252525253,0.00252525252525253,4.92734958188234,40.8093899265099,-2.67614775585346,4.91991181140166,0.00485651214128035,0.00485651214128035,2755,5433,1700,1055,3168,2265
46,14.8307161789067,41.928,-15.608,10.0827044743462,20.3407689393939,41.928,-5.62,7.7374367899162,7.12394039735099,36.946,-15.608,7.63308026764617,18962.2813454545,176356.7,29905.5992525316,0.183636363636364,41333.6,7.75,13442.4414504717,170845.6,18794.7833783374,0.121462264150943,26178,23.5,27844.3007590133,176356.7,40474.1662414983,0.283681214421252,93689.5,23.5,7.7518352128856,56.9942270202147,-2.67614775585346,7.29034681069708,0.00349714706423707,0.00599747474747475,9.34119587528964,56.9942270202147,-0.972870254732227,7.82302848140803,0.00252525252525253,0.00252525252525253,5.52883539898009,55.9074029473454,-2.67614775585346,5.78207511669496,0.00485651214128035,0.00485651214128035,2750,5433,1696,1054,3168,2265
47,14.5334410086508,40.876,-15.124,10.1633106219979,20.1200849116162,40.876,-6.246,7.86960380349911,6.71953907284768,37.055,-15.124,7.51274324426416,10624.0915204678,159823.3,10811.4009449948,0.0559210526315789,22044.6,9.5,10853.2015957447,159823.3,12253.3742844347,0.0591016548463357,22044.6,9.5,10252.7751915709,44089.2,7928.00890672964,0.0507662835249042,22044.6,23.5,7.46271692915148,61.8468280591908,-2.59505953201268,7.17990273976406,0.00312902632063317,0.00536616161616162,9.08483360820428,61.8468280591908,-0.891312548952611,7.74122975477866,0.00220959595959596,0.00220959595959596,5.19390207739022,54.039695110591,-2.59505953201268,5.5700808586692,0.00441501103752759,0.00441501103752759,2736,5433,1692,1044,3168,2265
48,14.6996692435119,40.761,-14.965,10.019940456232,20.1884902146465,40.761,-5.745,7.69952456710311,7.02258984547461,36.187,-14.965,7.5391754397827,16200.5823335772,231468.2,26051.0524103509,0.134235552304316,31275.7600000004,8,11024.5773696682,154312.1,13805.3740736263,0.0645734597156398,23422.4,15.5,24553.4469407266,231468.2,36798.2329786815,0.246653919694073,74400.5,23.75,7.56564359228449,58.12801546562,-2.75676881225774,7.09082094767103,0.00386526780784097,0.00662878787878788,9.08760337207549,58.12801546562,-1.053958478573,7.51629237225591,0.00252525252525253,0.00252525252525253,5.43691574134503,51.4715091196406,-2.75676881225774,5.81665378946417,0.00573951434878587,0.00573951434878587,2734,5433,1688,1046,3168,2265
49,14.2520046015093,37.055,-14.806,9.99308906587883,19.942454229798,37.055,-5.62,7.73875320586972,6.29291214128035,28.953,-14.806,6.86564040940356,8950.28265938069,79911.6,7860.35129750262,0.0295081967213115,19289,8,8855.67690041249,79911.6,8154.70157670209,0.0347672362993518,19977.9,8,9103.47538167939,38578,7360.0292183627,0.0209923664122137,19289,22,7.02372535286067,45.7952914924736,-2.67614775585346,6.38069584250105,0.00404932817964292,0.00694444444444444,8.72017705916351,45.7952914924736,-0.972870254732227,7.06540384774393,0.00284090909090909,0.00284090909090909,4.65093991993908,33.3686780167346,-2.67614775585346,4.2653055030797,0.00573951434878587,0.00573951434878587,2745,5433,1697,1048,3168,2265
50,15.0318584575741,43.118,-15.124,10.1753951381207,20.3739059343434,43.118,-5.995,7.95160127917974,7.56006754966887,37.384,-15.124,8.01177134740409,22812.1150145773,220445.9,36545.4999147027,0.220116618075802,68889.3,8.75,14617.2170501475,198401.3,22278.2701262851,0.140412979351032,30311.3,23,36053.6326978074,220445.9,49084.6617330955,0.348903717826501,116836.32,23.75,8.09042705405296,69.1454062870988,-2.67614775585346,8.17952921852529,0.00386526780784097,0.00662878787878788,9.55947256733697,69.1454062870988,-0.972870254732227,8.73900958353424,0.00252525252525253,0.00252525252525253,6.03570909110209,54.3640199719173,-2.67614775585346,6.81540575808452,0.00573951434878587,0.00573951434878587,2744,5433,1695,1049,3168,2265
51,14.3605610160133,39.502,-15.608,10.2589066852318,20.0861994949495,39.502,-6.499,8.00389343424187,6.35225077262693,33.848,-15.608,7.27090463655693,11307.4709572154,115734.1,10521.3114820365,0.0739666424945613,23422.4,7.75,11225.1001759531,115734.1,11491.9280478727,0.0750733137829912,23422.4,7.75,11440.8443494777,44089.2,8727.29636761975,0.0721747388414055,22044.6,23,7.33623220917969,54.1752864670457,-2.59505953201268,7.26665997646777,0.00312902632063317,0.00536616161616162,9.12531160782627,54.1752864670457,-0.891312548952611,8.10904474679447,0.00220959595959596,0.00220959595959596,4.83389069266208,47.5523712588146,-2.59505953201268,4.89551202467299,0.00441501103752759,0.00441501103752759,2758,5433,1705,1053,3168,2265
52,14.6122188477821,39.276,-15.608,10.0775046461232,20.17325,39.276,-6.246,7.79780084528545,6.8341408388521,33.014,-15.608,7.40312518611116,18544.3404139434,187379,28773.5568355476,0.177923021060276,44089.2,7.5,13744.733451119,176356.7,20123.7737127491,0.127208480565371,27555.7,23.5,26261.8902462121,187379,37581.1014288356,0.259469696969697,82667.2,23.75,7.49597763769473,47.9577904980084,-2.67614775585346,7.06750663409451,0.00368120743603902,0.00631313131313131,9.12371520375729,47.9577904980084,-0.972870254732227,7.73907148360268,0.00252525252525253,0.00252525252525253,5.21930098900327,41.3322378529976,-2.67614775585346,5.21239950300876,0.00529801324503311,0.00529801324503311,2754,5433,1698,1056,3168,2265
53,14.1563140069943,35.864,-15.124,10.0456525148383,19.8715710227273,35.864,-6.12,7.74498740490402,6.16252406181015,28.655,-15.124,6.96989841083104,9532.79062727936,88178.4,8472.26407424222,0.0408460977388767,20666.8,7,9225.03126843658,88178.4,8818.00438676705,0.0430678466076696,20666.8,12.75,10031.0256924546,49600.3,7859.04746254204,0.0372492836676218,20666.8,22,6.92877181926573,44.7437277450063,-2.83774053875395,6.27919383823605,0.00423338855144487,0.00726010101010101,8.6006001131257,44.7437277450063,-1.053958478573,6.90052633688635,0.00252525252525253,0.00252525252525253,4.59042654997283,34.2329900115666,-2.83774053875395,4.31383805841241,0.00662251655629139,0.00662251655629139,2742,5433,1695,1047,3168,2265
54,14.188028713418,37.274,-14.965,10.0514458116324,19.8285236742424,37.274,-6.12,7.79213625374816,6.29880662251656,34.163,-14.965,7.11924489259082,8265.68812568506,38578,6678.44204281079,0.0109609061015711,17911.2,5.75,7824.26131128175,38578,6554.8187626376,0.0112226816302422,17222.3,5,8981.52681992337,31689.1,6816.81984839934,0.010536398467433,18600.1,22,6.97782690821429,50.00650669886,-2.75676881225774,6.53574065327366,0.00441744892324683,0.00757575757575758,8.57408149464693,49.8294403747119,-1.053958478573,7.146289011585,0.00252525252525253,0.00252525252525253,4.74518473169393,50.00650669886,-2.75676881225774,4.74310840149228,0.00706401766004415,0.00706401766004415,2737,5433,1693,1044,3168,2265
55,13.7985639609792,35.435,-14.965,10.069370791659,19.4484286616162,35.435,-7.138,7.80494905164216,5.89623664459161,31.88,-14.965,7.13543050617566,9250.72425905598,148801,9804.39198119399,0.0475667764361508,20666.8,6.75,8197.98538461538,74400.5,7497.02442756938,0.0289940828402367,18600.1,23,10956.5044103547,148801,12498.6706320076,0.0776605944391179,23422.4,23.5,6.52143491394044,42.373210011867,-3.10509404974567,6.18062596399517,0.00533775078225658,0.0091540404040404,7.99117380902329,42.373210011867,-0.972870254732227,6.74889773546813,0.00378787878787879,0.00378787878787879,4.46574713485768,38.1574943522249,-3.10509404974567,4.54847159273378,0.00750551876379691,0.00750551876379691,2733,5433,1690,1043,3168,2265
56,14.0819734953065,45.076,-15.446,10.3861011520887,19.7240135732323,45.076,-7.397,8.13554623675554,6.19059028697572,36.946,-15.446,7.7060917593217,16207.4084548105,209423.6,27302.4753786429,0.142492711370262,34444.7,8.75,11329.7670803783,187379,16920.0103319366,0.0803782505910166,23422.4,20,24052.43621673,209423.6,37215.0196369941,0.242395437262357,74400.5,23.75,7.08203429574238,75.2141638476093,-3.10509404974567,7.64547923139372,0.00588993189766243,0.0101010101010101,8.64522148326893,75.2141638476093,-1.29321649115429,8.38307292535577,0.00378787878787879,0.00378787878787879,4.89564267981121,53.5856867521209,-3.10509404974567,5.80857100699512,0.00883002207505519,0.00883002207505519,2744,5433,1692,1052,3168,2265
57,13.9197713970182,45.829,-14.648,10.282441416485,19.562648989899,45.829,-7.787,8.05921448951997,6.02721677704194,33.535,-14.648,7.47936337379594,7276.55162962963,187379,13578.9680261894,0.0388888888888889,15155.7,6,9742.6824019025,187379,16543.2092217663,0.0624256837098692,19977.9,12,3201.86404715128,24800.2,3210.16707401524,0,7233.4,0,6.81985112953115,77.9118398938532,-3.27163420617592,7.23309986884739,0.00809865635928585,0.0138888888888889,8.34845577462918,77.9118398938532,-1.35312822265884,8.03409568030761,0.00410353535353535,0.00410353535353535,4.68182926830796,41.6079395407041,-3.27163420617592,5.23369394596043,0.0136865342163355,0.0136865342163355,2700,5433,1682,1018,3168,2265
58,13.396063868949,38.379,-14.965,10.1229005111673,19.1281578282828,38.379,-6.882,7.90672227247944,5.37872450331126,27.665,-14.965,6.93754478838533,6729.30105878058,28933.5,5558.97306363007,0.00219058050383352,14466.8,2.5,6396.89191263282,28933.5,5494.79101100421,0.00236127508854782,14466.8,2,7268.15377990431,27555.7,5622.4845854973,0.00191387559808612,15155.7,14.25,6.10636615867694,48.893088639196,-3.43711798887301,6.17902311607483,0.0086508374746917,0.0148358585858586,7.58088143548861,48.893088639196,-1.58033071800592,6.97447630836712,0.00410353535353535,0.00410353535353535,4.04399777150726,31.9042279019517,-3.43711798887301,4.03279521908113,0.0150110375275938,0.0150110375275938,2739,5433,1694,1045,3168,2265
59,13.4072083563409,40.992,-14.178,9.99816863149575,19.0387904040404,40.992,-7.527,7.79175822837787,5.53045253863135,30.558,-14.178,6.96176756134859,7712.64348145428,99200.7,9178.48743924096,0.0297466030113845,16533.4,5,6462.25411694511,88178.4,7208.75423935066,0.0149164677804296,13777.9,5,9714.22187201528,99200.7,11379.7483814273,0.0534861509073543,19289,23.5,6.03939847719048,59.3867882540557,-3.6007052062131,6.09849564523396,0.0121479845389288,0.0208333333333333,7.37937876932658,59.3867882540557,-1.95776926568893,6.78462450481153,0.00757575757575758,0.00757575757575758,4.1652008765339,40.1174022949424,-3.6007052062131,4.33777475944602,0.0185430463576159,0.0185430463576159,2723,5433,1676,1047,3168,2265
60,13.4837066077673,43.844,-14.806,10.2484648923769,19.3173263888889,43.844,-6.499,7.97935957828738,5.32436556291391,29.352,-14.806,6.97935171976181,8145.43356363636,71644.9,7540.17955846932,0.0301818181818182,17911.2,7.25,7370.49846878681,71644.9,7242.44849886915,0.0170789163722026,15844.5,7.25,9396.23184410646,55111.5,7840.83508279496,0.0513307984790875,20666.8,23,6.29742870518925,73.991373809863,-3.6007052062131,6.60673870408151,0.0097551997055034,0.016729797979798,7.91923026969247,73.991373809863,-1.37527493559014,7.48895798215106,0.00473484848484848,0.00473484848484848,4.02905459642714,37.1840935503336,-3.6007052062131,4.17667235707654,0.0167770419426049,0.0167770419426049,2750,5433,1698,1052,3168,2265
61,14.4801632315053,47.892,-15.285,10.6373427233458,20.225526199495,47.892,-7.138,8.53066886774848,6.44781112091792,34.268,-15.285,7.6777883973344,15503.7582181818,198401.3,20170.2896727754,0.142181818181818,30311.3,10.5,16144.6026501767,198401.3,21489.061133669,0.147820965842167,30311.3,10.5,14469.3914448669,154312.1,17798.4713990355,0.133079847908745,30173.52,23.75,7.77998552209144,97.4982583880842,-2.89075119973889,8.72135045309637,0.00496871549503128,0.00852272727272727,9.72664390584781,97.4982583880842,-1.10931944999198,9.87070553090716,0.00284090909090909,0.00284090909090909,5.05844370402427,50.00650669886,-2.89075119973889,5.78848321675159,0.00794351279788173,0.00794351279788173,2750,5434,1698,1052,3168,2266
62,14.1705013804528,39.05,-15.285,10.3411735034043,19.987795770202,39.05,-6.499,8.20356398372109,6.03399426048565,28.06,-15.285,6.98957772142974,12058.2787341772,137778.7,11563.1526916955,0.0918625678119349,24800.2,8.75,13124.0575422248,137778.7,13290.1446317748,0.125800815375655,27555.7,8.75,10312.1506679389,41333.6,7653.27847099113,0.0362595419847328,20666.8,23,7.17467207313552,46.8773672131133,-2.75676881225774,7.03148139060482,0.00441744892324683,0.00757575757575758,9.08425816269971,46.8773672131133,-1.053958478573,7.95207757394922,0.00252525252525253,0.00252525252525253,4.50378080084443,32.9440761430883,-2.75676881225774,4.23423180014569,0.00706401766004415,0.00706401766004415,2765,5433,1717,1048,3168,2265
63,14.9972101969446,39.957,-14.648,10.0382207220379,20.267696969697,39.957,-6.12,7.76808754501841,7.62550949227373,34.796,-14.648,8.00750541751327,20740.3574188844,187379,33866.3019990298,0.195041924899745,55111.5,8,13656.7997051887,187379,20590.9223867683,0.11438679245283,27555.7,23.5,32214.7737344795,187379,45895.2337527034,0.325692454632283,110223,23.75,7.93416807838371,53.1729551011509,-2.75676881225774,7.68351626792259,0.00496963003865268,0.00852272727272727,9.25880774283064,53.1729551011509,-0.972870254732227,8.0051772086662,0.00284090909090909,0.00284090909090909,6.08142703777979,51.2821279754059,-2.75676881225774,6.79071528461598,0.00794701986754967,0.00794701986754967,2743,5433,1696,1047,3168,2265
64,14.3286778943493,41.341,-15.124,10.2038649771402,19.8759460227273,41.341,-6.754,7.96879113104576,6.56984988962472,36.187,-15.124,7.59585492123988,11093.5968224982,121245.2,11275.3140803879,0.070854638422206,22044.6,8.25,10175.4725663717,104711.8,9372.73270099841,0.0519174041297935,22044.6,7.5,12585.6587727709,121245.2,13693.8252928823,0.101629913710451,26178,23.25,7.24262926237332,55.5617913692178,-2.75676881225774,7.14902094897499,0.00404932817964292,0.00694444444444444,8.76529780878614,55.5617913692178,-1.053958478573,7.72168443112212,0.00252525252525253,0.00252525252525253,5.11291007692704,51.1173237842549,-2.75676881225774,5.60683376159395,0.00618101545253863,0.00618101545253863,2738,5433,1695,1043,3168,2265
65,13.989508097166,39.957,-14.806,10.1322743975281,19.6432582070707,39.957,-6.754,7.9674859478946,6.0852360988526,29.853,-14.806,7.09087574887295,9541.11616788321,104711.8,8532.38755990952,0.0448905109489051,19977.9,8,9899.01004134672,104711.8,9117.96753236479,0.0602480803307738,22044.6,7.75,8962.40143266476,66133.8,7457.19556078718,0.0200573065902579,17911.2,23.75,6.81206975229136,55.3653717291563,-2.80919349395927,6.77243552154472,0.00460066249539934,0.00789141414141414,8.41024782265666,55.3653717291563,-1.02490066940975,7.59993167273633,0.00315656565656566,0.00315656565656566,4.57772371216899,38.3811798724118,-2.80919349395927,4.54861080809436,0.00661959399823478,0.00661959399823478,2740,5434,1693,1047,3168,2266
66,14.2680388295915,39.276,-14.965,10.2176333819348,19.9344321338384,39.276,-6.754,8.01185799721532,6.34609090909091,32.086,-14.965,7.27843971196702,15049.8559303591,159823.3,17483.0785962963,0.179905694595575,33066.9,9.25,14961.3177816901,159823.3,18364.5244899451,0.164906103286385,31689.1,23.5,15193.1313390313,115734.1,15961.3369073118,0.204178537511871,34444.7,23.75,7.18786946785936,56.2615955042435,-2.89075119973889,7.08083607676752,0.00386455649613544,0.00662878787878788,8.8795808631033,56.2615955042435,-0.939995966637875,7.89128302556387,0.00252525252525253,0.00252525252525253,4.82275839101347,38.8255311948711,-2.89075119973889,4.8574665295671,0.00573698146513681,0.00573698146513681,2757,5434,1704,1053,3168,2266
67,14.8257171512698,42.52,-15.934,10.5383762038316,20.5278866792929,42.52,-6.754,8.35161387916048,6.8537519858782,35.756,-15.934,7.73347837136436,22457.5853535354,198401.3,28045.86587926,0.268037518037518,60622.6,9.25,19184.0053613054,198401.3,22727.9437362719,0.229020979020979,41333.6,23.5,27777.1528409091,170845.6,34358.2465421472,0.331439393939394,81289.4,23.75,8.09991758584806,62.9252602237347,-3.05246047998395,8.38101128407486,0.00460066249539934,0.00789141414141414,10.0562198730719,62.9252602237347,-1.02490066940975,9.33159354346167,0.00284090909090909,0.00284090909090909,5.36489302895255,50.1022845410334,-3.05246047998395,5.82179821378056,0.00706090026478376,0.00706090026478376,2772,5434,1716,1056,3168,2266
68,14.1594884063305,39.843,-15.446,10.365031690928,19.9599289772727,39.843,-6.754,8.2183279127837,6.0501345984113,29.853,-15.446,7.10012489054562,11552.1765432099,49600.3,9069.4829614807,0.0860566448801743,24386.8600000004,8.5,12021.7973607038,49600.3,9624.36932641588,0.105571847507331,26178,8,10788.8748331745,41333.6,8032.8111811055,0.0543374642516683,22044.6,23.5,7.17599791337187,51.7678962033239,-3.05246047998395,7.27584223847312,0.00441663599558336,0.00757575757575758,9.05457009554182,51.7678962033239,-1.19240064065243,8.27311379407039,0.00284090909090909,0.00284090909090909,4.54964457130902,33.1779797174748,-3.05246047998395,4.40939258606698,0.00661959399823478,0.00661959399823478,2754,5434,1705,1049,3168,2266
69,14.4445899889584,42.046,-15.446,10.3808163808192,20.2865713383838,42.046,-6.246,8.11613710283512,6.27715975286849,34.058,-15.446,7.20479518031997,15738.9053532411,187379,20861.1204407141,0.157319737800437,30311.3,9.25,14839.3011785504,187379,20148.7923808574,0.147318797878609,28933.5,23.5,17194.2230695901,165334.4,21896.2640676188,0.17349857006673,39955.8,23.5,7.51601794594328,57.9789267234407,-3.05246047998395,7.37787141743198,0.00478468899521531,0.00820707070707071,9.49948427471366,57.9789267234407,-1.19240064065243,8.27030155659876,0.00284090909090909,0.00284090909090909,4.7430164765944,46.518380829855,-3.05246047998395,4.66211366628378,0.00750220653133275,0.00750220653133275,2746,5434,1697,1049,3168,2266
70,14.2426589988958,44.334,-15.77,10.4365419134851,19.9719479166667,44.334,-7.01,8.29924025223143,6.23277934686673,35.649,-15.77,7.40693798074673,11790.6941304348,115734.1,11994.6840121919,0.0807971014492754,22182.3799999999,8.25,10719.592370892,104711.8,10595.6062718074,0.0563380281690141,21837.93,8.25,13519.0628787879,115734.1,13790.7214064438,0.120265151515152,27555.7,23.75,7.33396307035463,71.2965805341213,-3.13343220648016,7.82342794646782,0.00496871549503128,0.00852272727272727,9.14807445964973,71.2965805341213,-1.27585960642223,8.82459162092565,0.00252525252525253,0.00252525252525253,4.79772967172847,48.9114164382572,-3.13343220648016,5.18553484084481,0.00838481906443071,0.00838481906443071,2760,5434,1704,1056,3168,2266
71,14.3950638571954,42.52,-15.934,10.4416908283319,20.0728143939394,42.52,-7.138,8.30299812348561,6.45723786407767,37.824,-15.934,7.5501810309069,15834.0637422643,159823.3,19548.9681390399,0.178740444120859,37200.2,9.25,14412.0496762802,159823.3,18595.8271532845,0.135373749264273,30311.3,23,18139.4090648855,148801,20805.9998394938,0.249045801526718,44089.2,23.75,7.51984067140171,63.698052754118,-3.05246047998395,8.0662091317363,0.00423260949576739,0.00726010101010101,9.31769108346142,63.698052754118,-1.02490066940975,9.10769959826334,0.00252525252525253,0.00252525252525253,5.00634106619202,56.2767699135673,-3.05246047998395,5.40755351414914,0.00661959399823478,0.00661959399823478,2747,5434,1699,1048,3168,2266
72,14.1723912403386,38.379,-15.446,10.262834804973,19.8581682449495,38.379,-6.499,8.09502536547054,6.22334377758164,37.384,-15.446,7.25156261254824,11415.1111636364,154312.1,12982.4099088181,0.0778181818181818,22044.6,8,10204.016,132267.5,10420.3758789432,0.0623529411764706,22044.6,8,13375.9319047619,154312.1,16111.783824468,0.102857142857143,26178,23.75,7.11791288108445,54.7248765059462,-3.13343220648016,7.20065570374311,0.00515274199484726,0.00883838383838384,8.82055491686391,51.5450199833957,-1.35883973856844,8.02783214578233,0.00315656565656566,0.00315656565656566,4.73752013203357,54.7248765059462,-3.13343220648016,4.95335820249204,0.00794351279788173,0.00794351279788173,2750,5434,1700,1050,3168,2266
